numeroPrecedente,orgaoJulgador,materia,dj,dp,situacao,n_proc,n_trib,tribs,justica,tese_len,n_artigos,numeroRepercussaoGeralSTF,cit_stj_ctx,cit_any,window_strict,teseFirmada,questaoSubmetidaAJulgamento,referenciaLegislativa,Assuntos
1218,S3,Contrabando ou descaminho,2024-02-28,2024-03-05,Trânsito em Julgado,3,1,TRF3,Justiça Federal,575,0,,9,9,True,"A reiteração da conduta delitiva obsta a aplicação do princípio da insignificância ao crime de descaminho - independentemente do valor do tributo não recolhido -, ressalvada a possibilidade de, no caso concreto, se concluir que a medida é socialmente recomendável. A contumácia pode ser aferida a partir de procedimentos penais e fiscais pendentes de definitividade, sendo inaplicável o prazo previsto no art. 64, I, do CP, incumbindo ao julgador avaliar o lapso temporal transcorrido desde o último evento delituoso à luz dos princípios da proporcionalidade e razoabilidade.","Definir se a reiteração delitiva obsta a incidência do princípio da insignificância ao delito de descaminho, independentemente do valor do tributo não recolhido.",,3574- Contrabando ou descaminho
1139,S3,Direito Penal,2022-08-10,2022-08-18,Trânsito em Julgado,2,1,TJPR,Justiça Estadual,127,0,,3,16,False,"É vedada a utilização de inquéritos e/ou ações penais em curso para impedir a aplicação do art. 33, § 4.º, da Lei n. 11.343/06.","Possibilidade de inquéritos e ações penais em curso serem empregados na análise dos requisitos previstos para a aplicação do art. 33, § 4.º, da Lei n. 11.343/2006.",,"287- DIREITO PENAL, 3603- Crimes Previstos na Legislação Extravagante, 3607- Crimes de Tráfico Ilícito e Uso Indevido de Drogas, 3608- Tráfico de Drogas e Condutas Afins"
1105,S1,Auxílio-Acidente (Art. 86),2023-03-07,2023-03-27,Trânsito em Julgado,4,1,TJSP,Justiça Estadual,178,0,,3,7,True,"Continua eficaz e aplicável o conteúdo da Súmula 111/STJ (com a redação modificada em 2006), mesmo após a vigência do CPC/2015, no que tange à fixação de honorários advocatícios.","Definição acerca da incidência, ou não, da Súmula 111/STJ, ou mesmo quanto à necessidade de seu cancelamento, após a vigência do CPC/2015 (art. 85), no que tange à fixação de honorários advocatícios nas ações previdenciárias.",,6107- Auxílio-Acidente (Art. 86)
1182,S1,IRPJ/Imposto de Renda de Pessoa Jurídica,2023-04-26,2023-06-12,Trânsito em Julgado,2,1,TRF4,Justiça Federal,1374,0,843,3,4,True,"1. Impossível excluir os benefícios fiscais relacionados ao ICMS, - tais como redução de base de cálculo, redução de alíquota, isenção, diferimento, entre outros - da base de cálculo do IRPJ e da CSLL, salvo quando atendidos os requisitos previstos em lei (art. 10, da Lei Complementar n. 160/2017 e art. 30, da Lei n. 12.973/2014), não se lhes aplicando o entendimento firmado no ERESP 1.517.492/PR que excluiu o crédito presumido de ICMS das bases de cálculo do IRPJ e da CSLL.2. Para a exclusão dos benefícios fiscais relacionados ao ICMS, - tais como reduçãode base de cálculo, redução de alíquota, isenção, diferimento, entre outros - da base de cálculo do IRPJ e da CSLL não deve ser exigida a demonstração de concessão como estímulo à implantação ou expansão de empreendimentos econômicos.3. Considerando que a Lei Complementar 160/2017 incluiu os §§ 4º e 5º ao art. 30 da Lei 12.973/2014 sem, entretanto, revogar o disposto no seu § 2º, a dispensa de comprovação prévia, pela empresa, de que a subvenção fiscal foi concedida como medida de estímulo à implantação ou expansão do empreendimento econômico não obsta a Receita Federal de proceder ao lançamento do IRPJ e da CSSL se, em procedimento fiscalizatório, for verificado que os valores oriundos do benefício fiscal foram utilizados para finalidade estranha à garantia da viabilidade do empreendimento econômico.","Definir se é possível excluir os benefícios fiscais relacionados ao ICMS, - tais como redução de base de cálculo, redução de alíquota, isenção, imunidade, diferimento, entre outros - da base de cálculo do IRPJ e da CSLL (extensão do entendimento firmado no ERESP 1.517.492/PR que excluiu o crédito presumido de ICMS das bases de cálculo do IRPJ e da CSLL).",,"5933- IRPJ/Imposto de Renda de Pessoa Jurídica, 5946- ICMS/ Imposto sobre Circulação de Mercadorias"
769,S1,Dívida Ativa (Execução Fiscal),2024-04-18,2024-05-09,Trânsito em Julgado,4,2,"TJSP,TRF3","Justiça Estadual,Justiça Federal",1360,0,,3,3,True,"I - A necessidade de esgotamento das diligências como requisito para a penhora de faturamento foi afastada após a reforma do CPC/1973 pela Lei 11.382/2006;II - No regime do CPC/2015, a penhora de faturamento, listada em décimo lugar na ordem preferencial de bens passíveis de constrição judicial, poderá ser deferida após a demonstração da inexistência dos bens classificados em posição superior, ou, alternativamente, se houver constatação, pelo juiz, de que tais bens são de difícil alienação; finalmente, a constrição judicial sobre o faturamento empresarial poderá ocorrer sem a observância da ordem de classificação estabelecida em lei, se a autoridade judicial, conforme as circunstâncias do caso concreto, assim o entender (art. 835, § 1º, do CPC/2015), justificando-a por decisão devidamente fundamentada;III - A penhora de faturamento não pode ser equiparada à constrição sobre dinheiro;IV - Na aplicação do princípio da menor onerosidade (art. 805, parágrafo único, do CPC/2015; art. 620, do CPC/1973): a) autoridade judicial deverá estabelecer percentual que não inviabilize o prosseguimento das atividades empresariais; e b) a decisão deve se reportar aos elementos probatórios concretos trazidos pelo devedor, não sendo lícito à autoridade judicial empregar o referido princípio em abstrato ou com base em simples alegações genéricas do executado.","Definição a respeito: i) da necessidade de esgotamento das diligências como pré-requisito para a penhora do faturamento; ii) da equiparação da penhora de faturamento à constrição preferencial sobre dinheiro, constituindo ou não medida excepcional no âmbito dos processos regidos pela Lei 6.830/1980; e iii) da caracterização da penhora do faturamento como medida que implica violação do princípio da menor onerosidade.",,"6017- Dívida Ativa (Execução Fiscal), 6017- Dívida Ativa (Execução Fiscal)"
1150,S1,Atualização de Conta,2023-09-13,2023-09-21,Trânsito em Julgado,3,2,"TJDFT,TJTO",Justiça Estadual,706,0,,2,7,True,"i) o Banco do Brasil possui legitimidade passiva ad causam para figurar no polo passivo de demanda na qual se discute eventual falha na prestação do serviço quanto a conta vinculada ao Pasep, saques indevidos e desfalques, além da ausência de aplicação dos rendimentos estabelecidas pelo Conselho Diretor do referido programa;ii) a pretensão ao ressarcimento dos danos havidos em razão dos desfalques em conta individual vinculada ao Pasep se submete ao prazo prescricional decenal previsto pelo artigo 205 do Código Civil; eiii) o termo inicial para a contagem do prazo prescricional é o dia em que o titular, comprovadamente, toma ciência dos desfalques realizados na conta individual vinculada ao Pasep.","a) O Banco do Brasil possui, ou não, legitimidade passiva ad causam para figurar no polo passivo de demanda na qual se discute eventual falha na prestação do serviço quanto a conta vinculada ao PASEP, saques indevidos e desfalques, além da ausência de aplicação dos rendimentos estabelecidas pelo Conselho Diretor do referido programa;b) A pretensão ao ressarcimento dos danos havidos em razão dos desfalques em conta individual vinculada ao PASEP se submete ao prazo prescricional decenal previsto pelo artigo 205 do Código Civil ou ao prazo quinquenal estipulado pelo artigo 1° do Decreto n° 20.910/32;c) O termo inicial para a contagem do prazo prescricional é o dia em que o titular toma ciência dos desfalques ou a data do último depósito efetuado na conta individual vinculada ao PASEP.",,"10164- Atualização de Conta, 8843- Assistência Judiciária Gratuita, 10443- Direito de Imagem, 10437- Direito de Imagem, 6042- PASEP"
1059,CE,Aposentadoria Especial (Art. 57/8),2023-11-09,2023-12-21,Trânsito em Julgado,3,1,TRF4,Justiça Federal,407,0,,2,4,True,"A majoração dos honorários de sucumbência prevista no art. 85, § 11, do CPC pressupõe que o recurso tenha sido integralmente desprovido ou não conhecido pelo tribunal, monocraticamente ou pelo órgão colegiado competente. Não se aplica o art. 85, § 11, do CPC em caso de provimento total ou parcial do recurso, ainda que mínima a alteração do resultado do julgamento ou limitada a consectários da condenação.","(im)possibilidade da majoração, em grau recursal, da verba honorária estabelecida na instância recorrida, quando o recurso for provido total ou parcialmente, ainda que em relação apenas aos consectários da condenação.",,"6100- Aposentadoria Especial (Art. 57/8), 6118- Aposentadoria por Tempo de Contribuição (Art. 55/6), 6182- Averbação/Cômputo/Conversão de tempo de serviço especial"
1079,S1,Contribuições para o SEBRAE,2024-03-13,2024-05-02,Acórdão Publicado,2,2,"TRF4,TRF5",Justiça Federal,1004,0,,2,4,True,"i) o art. 1° do Decreto-Lei 1.861/1981 (com a redação dada pelo DL 1.867/1981) definiu que as contribuições devidas ao Sesi, ao Senai, ao Sesc e ao Senac incidem até o limite máximo das contribuições previdenciárias;ii) especificando o limite máximo das contribuições previdenciárias, o art. 4°, parágrafo único, da superveniente Lei 6.950/1981, também especificou o teto das contribuições parafiscais em geral, devidas em favor de terceiros, estabelecendo-o em 20 vezes o maior salário mínimo vigente; eiii) o art. 1°, inciso I, do Decreto-Lei 2.318/1986, expressamente revogou a norma específica que estabelecia teto limite para as contribuições parafiscais devidas ao Sesi, ao Senai, ao Sesc e ao Senac, assim como o seu art. 3° expressamente revogou o teto limite para as contribuições previdenciárias;iv) portanto, a partir da entrada em vigor do art. 1°, 1, do Decreto-Lei 2.318/1986, as contribuições destinadas ao Sesi, ao Senai, ao Sesc e ao Senac não estão submetidas ao teto de vinte salários.","Definir se o limite de 20 (vinte) salários mínimos é aplicável à apuração da base de cálculo de ""contribuições parafiscais arrecadadas por conta de terceiros"", nos termos do art. 4º da Lei n. 6.950/1981, com as alterações promovidas em seu texto pelos arts. 1º e 3º do Decreto-Lei n. 2.318/1986.",,"6045- Contribuições para o SEBRAE, SESC, SENAC, SENAI e outros, 6011- Fato Gerador/Incidência"
1115,S1,Aposentadoria Rural (Art. 48/51),2022-11-23,2022-12-07,Trânsito em Julgado,2,1,TRF4,Justiça Federal,193,0,1362,2,2,False,"O tamanho da propriedade não descaracteriza, por si só, o regime de economia familiar, quando preenchidos os demais requisitos legais exigidos para a concessão da aposentadoria por idade rural.","Definir se o tamanho da propriedade não descaracteriza, por si só, o regime de economia familiar, caso estejam comprovados os demais requisitos para a concessão da aposentadoria por idade rural.",,6098- Aposentadoria Rural (Art. 48/51)
1190,S1,Adicional por Tempo de Serviço,2024-06-20,2024-07-01,Acórdão Publicado - RE Pendente,4,1,TJSP,Justiça Estadual,252,0,,2,2,True,"Na ausência de impugnação à pretensão executória, não são devidos honorários advocatícios sucumbenciais em cumprimento de sentença contra a Fazenda Pública, ainda que o crédito esteja submetido a pagamento por meio de Requisição de Pequeno Valor - RPV.","Possibilidade de fixação de honorários advocatícios sucumbenciais em cumprimento de sentença contra a Fazenda Pública, independentemente de existência de impugnação à pretensão executória, quando o crédito estiver sujeito ao regime da Requisição de Pequeno Valor - RPV.",,10302- Adicional por Tempo de Serviço
1199,S1,Taxa de Ocupação / Laudêmio / Foro,2023-09-13,2023-09-15,Trânsito em Julgado,2,1,TRF1,Justiça Federal,437,0,1201,1,43,True,"Nos procedimentos de demarcação de terrenos de marinha, é válido o ato jurídico de chamamento de interessados certos ou incertos à participação colaborativa com a Administração formalizado exclusivamente por meio de edital, desde que o ato tenha sido praticado no período de 31/05/2007 até 28/03/2011, em que produziu efeitos jurídicos a alteração legislativa do art. 11 do Decreto-lei 9.760/46 promovida pelo art. 5º da Lei 11.481/2007.","Imprescindibilidade da notificação pessoal dos interessados, nos procedimentos de demarcação de terrenos de marinha, ainda que realizados e homologados anteriormente ao julgamento da medida cautelar na ADI 4.264/PE.",,10401- Taxa de Ocupação / Laudêmio / Foro
1132,S2,Direito Civil,2023-08-09,2023-10-20,Trânsito em Julgado,2,1,TJRS,Justiça Estadual,363,0,,1,4,True,"Em ação de busca e apreensão fundada em contratos garantidos com alienação fiduciária (art. 2º, § 2º, do Decreto-Lei n. 911/1969), para a comprovação da mora, é suficiente o envio de notificação extrajudicial ao devedor no endereço indicado no instrumento contratual, dispensando-se a prova do recebimento, quer seja pelo próprio destinatário, quer por terceiros.","Definir se, para a comprovação da mora nos contratos garantidos por alienação fiduciária, é suficiente, ou não, o envio de notificação extrajudicial ao endereço do devedor indicado no instrumento contratual, dispensando-se, por conseguinte, que a assinatura do aviso de recebimento seja do próprio destinatário.",,"9582- Alienação Fiduciária, 899- DIREITO CIVIL, 7681- Obrigações, 9580- Espécies de Contratos"
1143,S3,Direito Penal,2023-09-13,2023-09-19,Trânsito em Julgado,2,1,TRF3,Justiça Federal,403,0,,1,3,True,"O princípio da insignificância é aplicável ao crime de contrabando de cigarros quando a quantidade apreendida não ultrapassar 1.000 (mil) maços, seja pela diminuta reprovabilidade da conduta, seja pela necessidade de se dar efetividade à repressão ao contrabando de vulto, excetuada a hipótese de reiteração da conduta, circunstância apta a indicar maior reprovabilidade e periculosidade social da ação.","O princípio da insignificância não se aplica aos crimes de contrabando de cigarros, por menor que possa ter sido o resultado da lesão patrimonial, pois a conduta atinge outros bens jurídicos, como a saúde, a segurança e a moralidade pública.",,"5872- Crimes Praticados por Particular Contra a Administração em Geral, 10615- Princípio da Insignificância, 287- DIREITO PENAL, 3574- Contrabando ou descaminho"
1069,S2,Planos de saúde,2023-09-13,2023-09-19,Trânsito em Julgado,2,1,TJSPCF,Justiça Estadual,766,0,,1,2,True,"(i) É de cobertura obrigatória pelos planos de saúde a cirurgia plástica de caráter reparador ou funcional indicada pelo médico assistente, em paciente pós-cirurgia bariátrica, visto ser parte decorrente do tratamento da obesidade mórbida.(ii) Havendo dúvidas justificadas e razoáveis quanto ao caráter eminentemente estético da cirurgia plástica indicada ao paciente póscirurgia bariátrica, a operadora de plano de saúde pode se utilizar do procedimento da junta médica, formada para dirimir a divergência técnicoassistencial, desde que arque com os honorários dos respectivos profissionais e sem prejuízo do exercício do direito de ação pelo beneficiário, em caso de parecer desfavorável à indicação clínica do médico assistente, ao qual não se vincula o julgador.",Definição da obrigatoriedade de custeio pelo plano de saúde de cirurgias plásticas em paciente pós-cirurgia bariátrica.,,12486- Planos de saúde
1095,S2,Promessa de Compra e Venda,2022-10-25,2022-12-18,Trânsito em Julgado,2,1,TJSPCF,Justiça Estadual,380,0,,1,2,False,"Em contrato de compra e venda de imóvel com garantia de alienação fiduciária devidamente registrado em cartório, a resolução do pacto, na hipótese de inadimplemento do devedor, devidamente constituído em mora, deverá observar a forma prevista na Lei nº 9.514/97, por se tratar de legislação específica, afastando-se, por conseguinte, a aplicação do Código de Defesa do Consumidor.","Definição da tese alusiva à prevalência, ou não, do Código de Defesa do Consumidor na hipótese de resolução do contrato de compra e venda de bem imóvel com cláusula de alienação fiduciária em garantia.",,10496- Promessa de Compra e Venda
1125,S1,Cofins,2023-12-13,2024-02-28,Trânsito em Julgado,2,2,"TRF3,TRF4",Justiça Federal,161,0,1365,1,2,True,O ICMS-ST não compõe a base de cálculo da Contribuição ao PIS e da COFINS devidas pelo contribuinte substituído no regime de substituição tributária progressiva.,Possibilidade de exclusão do valor correspondente ao ICMS-ST da base de cálculo da Contribuição ao PIS e da COFINS devidas pelo contribuinte substituído.,,"6035- Cofins, 6039- PIS, 10556- Exclusão - ICMS"
1237,S1,IRPJ/Imposto de Renda de Pessoa Jurídica,2024-06-20,2024-06-25,Acórdão Publicado,5,2,"TRF2,TRF4",Justiça Federal,494,0,1314,1,2,True,"Os valores de juros, calculados pela taxa SELIC ou outros índices, recebidos em face de repetição de indébito tributário, na devolução de depósitos judiciais ou nos pagamentos efetuados decorrentes de obrigações contratuais em atraso, por se caracterizarem como Receita Bruta Operacional, estão na base de cálculo das contribuições ao PIS/PASEP e COFINS cumulativas e, por integrarem o conceito amplo de Receita Bruta, na base de cálculo das contribuições ao PIS/PASEP e COFINS não cumulativas.","A possibilidade de incidência das contribuições ao PIS/PASEP e COFINS sobre os valores de juros, calculados pela taxa SELIC, recebidos em face de repetição de indébito tributário, na devolução de depósitos judiciais ou nos pagamentos efetuados por clientes em atraso.",,"5933- IRPJ/Imposto de Renda de Pessoa Jurídica, 6036- Contribuição Social sobre o Lucro Líquido, 10687- Taxa SELIC"
986,S1,ICMS/ Imposto sobre Circulação de Mercad,2024-03-13,2024-05-29,Trânsito em Julgado,5,4,"TJMT,TJRS,TJSP,TJTO",Justiça Estadual,321,0,956,1,1,True,"A Tarifa de Uso do Sistema de Transmissão (TUST) e/ou a Tarifa de Uso de Distribuição (TUSD), quando lançada na fatura de energia elétrica, como encargo a ser suportado diretamente pelo consumidor final (seja ele livre ou cativo), integra, para os fins do art. 13, § 1º, II, 'a', da LC 87/1996, a base de cálculo do ICMS.",Inclusão da Tarifa de Uso do Sistema de Transmissão de Energia Elétrica (TUST) e da Tarifa de Uso do Sistema de Distribuição de Energia Elétrica (TUSD) na base de cálculo do ICMS.,,"5946- ICMS/ Imposto sobre Circulação de Mercadorias, 6011- Fato Gerador/Incidência"
1155,S3,Direito Penal,2022-11-23,2022-11-28,Trânsito em Julgado,1,1,TJSC,Justiça Estadual,818,0,,1,1,False,"1) O período de recolhimento obrigatório noturno e nos dias de folga, por comprometer o status libertatis do acusado, deve ser reconhecido como período a ser detraído da pena privativa de liberdade e da medida de segurança, em homenagem aos princípios da proporcionalidade e do non bis in idem.2) O monitoramento eletrônico associado, atribuição do Estado, não é condição indeclinável para a detração dos períodos de submissão a essas medidas cautelares, não se justificando distinção de tratamento ao investigado ao qual não é determinado e disponibilizado o aparelhamento.3) As horas de recolhimento domiciliar noturno e nos dias de folga devem ser convertidas em dias para contagem da detração da pena. Se no cômputo total remanescer período menor que vinte e quatro horas, essa fração de dia deverá ser desprezada.",a) Definir se o período em que o apenado cumpriu medida cautelar de recolhimento noturno deve ser computado para fins de detração da pena e b) Definir se há necessidade de fiscalização eletrônica para que o tempo de cumprimento de medida cautelar de recolhimento domiciliar noturno seja computado para fins de detração.,,287- DIREITO PENAL
1176,S1,Certificado de Regularidade - FGTS,2024-05-22,2024-05-28,Trânsito em Julgado,3,2,"TRF3,TRF5",Justiça Federal,577,0,,1,1,True,"São eficazes os pagamentos de FGTS realizados diretamente ao empregado, após o advento da Lei 9.491/1997, em decorrência de acordo homologado na Justiça do Trabalho, o que não dispensa a oportuna comunicação do ato aos órgãos de fiscalização competentes. Assegura-se, no entanto, a cobrança de todas as parcelas incorporáveis ao fundo, consistente em multas, correção monetária, juros moratórios e contribuição social, visto que a União Federal e a Caixa Econômica Federal não participaram da celebração do ajuste na via laboral, não sendo por ele prejudicadas (art. 506, CPC).","Definir se são eficazes os pagamentos de FGTS, realizados na vigência da redação do art. 18 da Lei 8.036/1990 dada pela Lei 9.491/1997, diretamente ao empregado, em decorrência de acordocelebrado na Justiça do Trabalho, ao invés de efetivados por meio de depósitos nas contas vinculados do titular.",,"6002- Certificado de Regularidade - FGTS, 9414- Extinção da Execução"
1193,S1,Profissional,2024-08-28,2024-10-23,Trânsito em Julgado,5,1,TRF4,Justiça Federal,368,0,,1,1,True,"O arquivamento das execuções fiscais cujo valor seja inferior ao novo piso fixado no caput do art. 8º da Lei 12.514/2011, previsto no § 2º do artigo referido (acrescentado pela Lei 14.195/2021), o qual constitui norma de natureza processual, que deve ser aplicada de imediato, alcança os executivos fiscais em curso, ressalvados os casos em que concretizada a penhora.","Aplicabilidade das alterações promovidas pela Lei 14.195/2021, no art. 8º da Lei 12.514/2011, às execuções fiscais propostas por conselhos profissionais, antes de sua entrada em vigor.",,"10399- Profissional, 10939- Intimação / Notificação"
1231,S1,Cofins,2024-06-20,2024-06-25,Acórdão Publicado,3,2,"TRF2,TRF4",Justiça Federal,366,0,,1,1,True,"1ª) Os tributos recolhidos em substituição tributária não integram o conceito de custo de aquisição previsto no art. 13, do Decreto-Lei n. 1.598/77;2ª) Os valores pagos pelo contribuinte substituto a título de ICMS-ST não geram, no regime não cumulativo, créditos para fins de incidência das contribuições ao PIS/PASEP e COFINS devidas pelo contribuinte substituído.","Decidir sobre a possibilidade de creditamento, no âmbito do regime não-cumulativo das contribuições ao PIS e  COFINS, dos valores que o contribuinte, na condição de substituído tributário, paga ao contribuinte substituto a título de reembolso pelo recolhimento do ICMS-substituição (ICMS-ST)",,"6035- Cofins, 6039- PIS, 6008- Base de Cálculo"
1170,S1,Contribuição sobre a folha de salários,2024-03-13,2024-05-10,Acórdão Publicado - RE Pendente,4,1,TRF1,Justiça Federal,183,0,,0,17,True,A contribuição previdenciária patronal incide sobre os valores pagos ao trabalhador a título de décimo terceiro salário proporcional relacionado ao período do aviso prévio indenizado.,Definir se é cabível a incidência de contribuição previdenciária sobre os valores pagos a empregado a título de décimo terceiro salário proporcional referente ao aviso prévio indenizado.,,6060- Contribuição sobre a folha de salários
1161,S3,Direito Processual Penal,2023-05-24,2023-06-01,Trânsito em Julgado,2,2,"TJMG,TJRS",Justiça Estadual,331,0,,0,11,True,"A valoração do requisito subjetivo para concessão do livramento condicional - bom comportamento durante da execução da pena (art. 83, inciso III, alínea ""a"", do Código Penal) - deve considerar todo o histórico prisional, não se limitando ao período de 12 meses referido na alínea ""b"" do mesmo inciso III do art. 83 do Código Penal.","Definir se o requisito objetivo do livramento condicional consistente em não ter cometido falta grave nos últimos 12 meses (art. 83, III, ""b"", do CP, inserido pela Lei Anticrime) limita temporalmente a valoração do requisito subjetivo (bom comportamento durante a execução da pena, alínea ""a"" do referido inciso).",,"1209- DIREITO PROCESSUAL PENAL, 10636- Livramento condicional"
1166,S3,Apropriação indébita Previdenciária,2023-10-16,2023-10-19,Trânsito em Julgado,1,1,TRF3,Justiça Federal,313,0,,0,4,True,"O crime de apropriação indébita previdenciária, previsto no art. 168-A, § 1.º, inciso I, do Código Penal, possui natureza de delito material, que só se consuma com a constituição definitiva, na via administrativa, do crédito tributário, consoante o disposto na Súmula Vinculante n. 24 do Supremo Tribunal Federal.","Natureza jurídica (formal ou material) do crime de apropriação indébita previdenciária, previsto no art. 168-A do Código Penal.",,"3430- Apropriação indébita Previdenciária, 10623- Prescrição"
1197,S3,Contra a Mulher,2024-06-12,2024-06-24,Trânsito em Julgado,3,1,TJMS,Justiça Estadual,179,0,,0,4,True,"A aplicação da agravante do art. 61, inc. II, alínea f, do Código Penal (CP), em conjunto com as disposições da Lei Maria da Penha (Lei n. 11.340/2006), não configura bis in idem.","Verificar se a aplicação da agravante do art. 61, II, f, do Código Penal, em conjunto com as disposições da Lei Maria da Penha (Lei 11.340/2006), configuraria bis in idem.",,12194- Contra a Mulher
1214,S3,Furto,2024-08-28,2024-09-12,Trânsito em Julgado,3,1,TJMG,Justiça Estadual,506,0,,0,4,True,"É  obrigatória  a  redução  proporcional  da  pena-base  quando  o tribunal de segunda instância, em recurso exclusivo da defesa, afastar circunstância judicial negativa reconhecida na sentença. Todavia, não implicam reformatio in pejusa mera correção da classificação de um fato já valorado negativamente pela sentença para enquadrá-lo como outra circunstância judicial, nem o simples reforço de fundamentação para  manter  a  valoração  negativa  de  circunstância  já  reputada desfavorável na sentença.","Definir se há obrigatoriedade ou não de redução proporcional da pena-base quando o tribunal de segunda instância, em recurso exclusivo da defesa, afastar circunstância judicial negativa reconhecida na sentença.",,3416- Furto
1172,S3,Furto Qualificado,2023-10-24,2023-10-30,Trânsito em Julgado,1,1,TJRS,Justiça Estadual,206,0,,0,3,True,A reincidência específica como único fundamento só justifica o agravamento da pena em fração mais gravosa que 1/6 em casos excepcionais e mediante detalhada fundamentação baseada em dados concretos do caso.,"Definir se é possível a elevação da pena por circunstância agravante, na fração maior que 1/6, utilizando como fundamento unicamente a reincidência específica do réu.",,3417- Furto Qualificado
1112,S2,Direito Do Consumidor,2023-03-02,2023-03-10,Trânsito em Julgado,2,1,TJSC,Justiça Estadual,722,0,,0,2,True,"(i) na modalidade de contrato de seguro de vida coletivo, cabe exclusivamente ao estipulante, mandatário legal e único sujeito que tem vínculo anterior com os membros do grupo segurável (estipulação própria), a obrigação de prestar informações prévias aos potenciais segurados acerca das condições contratuais quando da formalização da adesão, incluídas as cláusulas limitativas e restritivas de direito previstas na apólice mestre, e (ii) não se incluem, no âmbito da matéria afetada, as causas originadas de estipulação imprópria e de falsos estipulantes, visto que as apólices coletivas nessas figuras devem ser consideradas apólices individuais, no que tange ao relacionamento dos segurados com a sociedade seguradora.",Definir se cabe à seguradora e/ou ao estipulante o dever de prestar informação prévia ao proponente (segurado) a respeito das cláusulas limitativas e restritivas dos contratos de seguro de vida em grupo.,,"1156- DIREITO DO CONSUMIDOR, 7771- Contratos de Consumo, 7621- Seguro"
1114,S3,Direito Processual Penal,2023-09-13,2023-09-25,Trânsito em Julgado,2,1,TJPR,Justiça Estadual,318,0,,0,2,True,"O interrogatório do réu é o último ato da instrução criminal. A inversão da ordem prevista no art. 400 do CPP tangencia somente à oitiva das testemunhas e não ao interrogatório. O eventual reconhecimento da nulidade se sujeita à preclusão, na forma do art. 571, I e II, do CPP, e à demonstração do prejuízo para o réu.","Definir se, com a expedição de precatória, que não suspende a instrução criminal, nos termos do § 1° do art. 222 do Código de Processo Penal, tal situação autoriza ou não a realização de interrogatório do réu em momento diverso do previsto no art. 400 do Código de Processo Penal e se eventual alteração da ordem implica ofensa ao contraditório e à ampla defesa.",,"1209- DIREITO PROCESSUAL PENAL, 4263- Ação Penal"
1120,S3,Direito Processual Penal,2022-09-14,2022-09-20,Trânsito em Julgado,1,1,TJSC,Justiça Estadual,541,0,,0,2,False,"Nada obstante a interpretação restritiva que deve ser conferida ao art. 126, §4º, da LEP, os princípios da individualização da pena, da dignidade da pessoa humana, da isonomia e da fraternidade, ao lado da teoria da derrotabilidade da norma e da situação excepcionalíssima da pandemia de covid-19, impõem o cômputo do período de restrições sanitárias como de efetivo estudo ou trabalho em favor dos presos que já estavam trabalhando ou estudando e se viram impossibilitados de continuar seus afazeres unicamente em razão do estado pandêmico.","Possibilidade ou não de concessão de remição ficta, com extensão do alcance da norma prevista no art. 126, §4º, da Lei de Execução Penal, aos apenados impossibilitados de trabalhar ou estudar em razão da pandemia ocasionada pelo novo coronavírus.",,"1209- DIREITO PROCESSUAL PENAL, 7942- Execução Penal e de Medidas Alternativas, 10637- Remição"
1127,S1,Acesso sem Conclusão do Ensino Médio,2024-05-22,2024-06-13,Trânsito em Julgado,2,1,TJCE,Justiça Estadual,329,0,,0,2,True,"É ilegal menor de 18 anos, mesmo que emancipado ou com altas habilidades, antecipar a conclusão de sua educação básica submetendo-se ao sistema de avaliação diferenciado oferecido pelos Centros de Educação de Jovens e Adultos – CEJAs, ainda que o intuito seja obter o diploma de ensino médio para matricular-se em curso superior.","Possibilidade de menor de 18 (dezoito) anos que não tenha concluído a educação básica se submeter, a despeito do previsto no art. 38, § 1°, II, da Lei n. 9.394/1996 (Lei de Diretrizes e Bases da Educação Nacional), ao sistema de avaliação diferenciado de jovens e adultos - normalmente oferecido pelos Centros de Jovens e Adultos (CEJA's) - de modo a adquirir diploma de conclusão de ensino médio para fins de matrícula em curso de educação superior.",,12805- Acesso sem Conclusão do Ensino Médio
1142,S1,Foro / Laudêmio,2023-05-10,2023-05-19,Trânsito em Julgado,5,1,TRF3,Justiça Federal,1300,0,,0,2,True,"a) a inexistência de registro imobiliário da transação (contratos de gaveta) não impede a caracterização do fato gerador do laudêmio, sob pena de incentivar a realização de negócios jurídicos à margem da lei somente para evitar o pagamento dessa obrigação pecuniária;b) o termo inicial do prazo para a constituição dos créditos relativos ao laudêmio tem como data-base o momento em que a União toma conhecimento, por iniciativa própria ou por solicitação do interessado, do fato gerador, consoante exegese do § 1º do art. 47 da Lei n. 9.636/1998, com a redação dada pela Lei n. 9.821/1999, não sendo, portanto, a data em que foi consolidado o negócio jurídico entre os particulares o marco para a contagem do prazo decadencial, tampouco a data do registro da transação no cartório de imóvel;c) o art. 47 da Lei n. 9.636/1998 rege toda a matéria relativa a decadência e prescrição das receitas patrimoniais não tributárias da União Federal, não havendo razão jurídica para negar vigência à parte final do § 1º do aludido diploma legal quanto à inexigibilidade do laudêmio devido em casos de cessões particulares, referente ao período anterior ao conhecimento do fato gerador, visto que o legislador não diferenciou receitas patrimoniais periódicas (como foro e taxa) das esporádicas (como o laudêmio).","I - definir se a hipótese de inexigibilidade de cobrança prevista na parte final do art. 47, § 1º, da Lei n. 9.636/98 abrange ou não os créditos da União relativos a receitas esporádicas, notadamente aquelas referentes ao laudêmio; II - aferir se a inexistência de registro imobiliário da transação (contratos de gaveta) impede a caracterização do fato gerador do laudêmio e, por conseguinte, obsta a fluência do prazo decadencial de seu lançamento.",,10093- Foro / Laudêmio
1171,S3,Roubo,2023-12-13,2023-12-18,Trânsito em Julgado,1,1,TJRJ,Justiça Estadual,153,0,,0,2,True,"A utilização de simulacro de arma configura a elementar grave ameaça do tipo penal do roubo, subsumindo à hipótese legal que veda a substituição da pena.","Definir se configurado o delito de roubo, cometido mediante emprego de simulacro de arma, é possível substituir a pena privativa de liberdade por restritiva de direito.",,3419- Roubo
1205,S3,Crime Tentado,2023-10-24,2023-10-29,Trânsito em Julgado,2,1,TJAL,Justiça Estadual,143,0,,0,2,True,"A restituição imediata e integral do bem furtado não constitui, por si só, motivo suficiente para a incidência do princípio da insignificância.","Definir se a restituição imediata e integral do bem furtado constitui, por si só, motivo suficiente para a incidência do princípio da insignificância.",,"5555- Crime Tentado, 3416- Furto"
1008,S1,Direito Tributário,2023-05-09,2023-05-31,Trânsito em Julgado,3,1,TRF4,Justiça Federal,183,0,957,0,1,True,"O ICMS compõe a base de cálculo do Imposto de Renda da Pessoa Jurídica (IRPJ) e da Contribuição Social sobre o Lucro Líquido (CSLL), quando apurados na sistemática do lucro presumido.","Possibilidade de inclusão de valores de ICMS nas bases de cálculo do Imposto sobre a Renda de Pessoa Jurídica - IRPJ e da Contribuição Social sobre o Lucro Líquido - CSLL, quando apurados pela sistemática do lucro presumido.",,"14- DIREITO TRIBUTÁRIO, 5946- ICMS/ Imposto sobre Circulação de Mercadorias, 5933- IRPJ/Imposto de Renda de Pessoa Jurídica, 6036- Contribuição Social sobre o Lucro Líquido, 6008- Base de Cálculo"
1100,S3,Direito Penal,2022-08-10,2022-08-22,Trânsito em Julgado,2,2,"TJMG,TJRJ",Justiça Estadual,226,0,,0,1,False,"O acórdão condenatório de que trata o inciso IV do art. 117 do Código Penal interrompe a prescrição, inclusive quando confirmatório de sentença condenatória, seja mantendo, reduzindo ou aumentando a pena anteriormente imposta.","Definir se, nos termos do inciso IV do art. 117 do Código Penal, o acórdão condenatório sempre interrompe a prescrição, inclusive quando confirmatório da sentença de primeiro grau, seja mantendo, reduzindo ou aumentando a pena anteriormente imposta.",,"287- DIREITO PENAL, 10620- Parte Geral, 10623- Prescrição"
1102,S1,Índice de 28,2024-04-18,2024-04-26,Acórdão Publicado - RE Pendente,3,1,TRF1,Justiça Federal,697,0,,0,1,True,"I) É possível a comprovação de transação administrativa, relativa ao pagamento da vantagem de 28,86%, por meio de fichas financeiras ou documento expedido pelo Sistema Integrado de Administração de Recursos Humanos - SIAPE, conforme art. 7º, § 2º, da MP 1.962-33/2000, reproduzida na vigente MP 2.169-43/2001, apenas em relação a acordos firmados posteriormente à sua vigência.II) Quando não for localizado o instrumento de transação devidamente homologado, e buscando impedir o enriquecimento ilícito, os valores recebidos administrativamente, a título de 28,86%, demonstrados por meio dos documentos expedidos pelo SIAPE, devem ser deduzidos da quantia apurada, com as atualizações pertinentes. ","Definir se é possível a comprovação de transação administrativa, relativa ao pagamento da vantagem de 28,86%, por meio de fichas financeiras ou documento expedido pelo Sistema Integrado de Administração de Recursos Humanos - SIAPE, conforme art. 7º, § 2º, da MP nº 2.169-43/2001, inclusive em relação a acordos firmados em momento anterior à vigência dessa norma.",,"10317- Índice de 28,86% Lei 8.622/1993 e 8.627/1993"
1141,S1,Prescrição e Decadência,2023-10-25,2023-10-31,Trânsito em Julgado,3,1,TRF5,Justiça Federal,306,0,,0,1,True,"A pretensão de expedição de novo precatório ou requisição de pequeno valor, fundada nos arts. 2º e 3º da Lei 13.463/2017, sujeita-se à prescrição quinquenal prevista no art. 1º do Decreto 20.910/32 e tem, como termo inicial, a notificação do credor, na forma do § 4º do art. 2º da referida Lei 13.463/2017.","Definir se é prescritível a pretensão de expedição de novo precatório ou RPV, após o cancelamento da requisição anterior, de que tratam os arts. 2º e 3º da Lei 13.463, de 06/07/2017.",,"5632- Prescrição e Decadência, 10288- Sistema Remuneratório e Benefícios, 10673- Requisição de Pequeno Valor - RPV"
1153,CE,Títulos de Crédito,2024-06-05,2024-09-17,Acórdão Publicado - RE Pendente,2,1,TJSPCF,Justiça Estadual,188,0,,0,1,True,"A verba honorária sucumbencial, a despeito da sua natureza alimentar, não se enquadra na exceção prevista no § 2º do art. 833 do CPC/2015 (penhora para pagamento de prestação alimentícia).","Definir se os honorários advocatícios de sucumbência, em virtude da sua natureza alimentar, inserem-se ou não na exceção prevista no § 2º do art. 833 do Código de Processo Civil de 2015 - pagamento de prestação alimentícia.",,"4949- Títulos de Crédito, 9163- Penhora / Depósito/ Avaliação "
1191,S1,ICMS/ Imposto sobre Circulação de Mercad,2024-08-14,2024-08-23,Trânsito em Julgado,3,1,TJMG,Justiça Estadual,246,0,,0,1,True,"Na sistemática da substituição tributária para frente, em que o contribuinte substituído revende a mercadoria por preço menor do que a base de cálculo presumida para o recolhimento do tributo, é inaplicável a condição prevista no art. 166 do CTN.","Necessidade de observância, ou não, do que dispõe o artigo 166 do CTN nas situações em que se pleiteia a restituição/compensação de valores pagos a maior a título de ICMS no regime de substituição tributária para frente quando a base de cálculo efetiva da operação for inferior à presumida.",,"5946- ICMS/ Imposto sobre Circulação de Mercadorias, 5981- Substituição Tributária"
1208,S3,Direito Processual Penal,2023-10-17,2023-10-20,Trânsito em Julgado,2,1,TJMG,Justiça Estadual,180,0,,0,1,True,"A reincidência pode ser admitida pelo juízo das execuções penais para análise da concessão de benefícios, ainda que não reconhecida pelo juízo que prolatou a sentença condenatória.","Definir se a reincidência pode ser admitida pelo juízo das execuções penais para análise da concessão de benefícios, ainda que não reconhecida pelo juízo que prolatou a sentença condenatória.",,1209- DIREITO PROCESSUAL PENAL
1217,S1,Sistema Remuneratório e Benefícios,2024-05-22,2024-05-27,Trânsito em Julgado,3,1,TRF1,Justiça Federal,588,0,,0,1,True,"É válido o ato jurídico de cancelamento automático de precatórios ou requisições federais de pequeno valor realizados entre 06/07/2017 (data da publicação da Lei 13.463/2017) e 06/07/2022 (data da publicação da ata da sessão de julgamento da ADI 5.755/DF), nos termos do art. 2º, caput, e § 1º, da Lei 13.463/2017, desde que caracterizada a inércia do credor em proceder ao levantamento do depósito pelo prazo legalmente estabelecido (dois anos). É ilegal esse mesmo ato se circunstâncias alheias à vontade do credor impediam, ao tempo do cancelamento, o levantamento do valor depositado.","Possibilidade de cancelamento de precatórios ou Requisições de Pequeno Valor (RPV) federais, no período em que produziu efeitos jurídicos o art. 2º da Lei 13.463/2017, apenas em razão do decurso do prazo legal de dois anos do depósito dos valores devidos, independentemente de qualquer consideração acerca da existência ou inexistência de verdadeira inércia a cargo do titular do crédito.",,"10288- Sistema Remuneratório e Benefícios, 10422- Pagamento Atrasado / Correção Monetária"
997,S1,Parcelamento,2024-06-20,2024-07-01,Trânsito em Julgado,3,2,"TRF4,TRF5",Justiça Federal,449,0,,0,0,True,"O estabelecimento de teto para adesão ao parcelamento simplificado, por constituir medida de gestão e eficiência na arrecadação e recuperação do crédito público, pode ser feito por ato infralegal, nos termos do art. 96 do CTN. Excetua-se a hipótese em que a lei em sentido estrito definir diretamente o valor máximo e a autoridade administrativa, na regulamentação da norma, fixar quantia inferior à estabelecida na lei, em prejuízo do contribuinte.","Legalidade do estabelecimento, por atos infralegais, de limite máximo para a concessão do parcelamento simplificado, instituído pela Lei 10.522/2002.",,5989- Parcelamento
1074,S1,Direito Tributário,2022-10-26,2022-10-28,Trânsito em Julgado,3,1,TJDFT,Justiça Estadual,380,0,,0,0,False,"No arrolamento sumário, a homologação da partilha ou da adjudicação, bem como a expedição do formal de partilha e da carta de adjudicação, não se condicionam ao prévio recolhimento do imposto de transmissão causa mortis, devendo ser comprovado, todavia, o pagamento dos tributos relativos aos bens do espólio e às suas rendas, a teor dos arts. 659, § 2º, do CPC/2015 e 192 do CTN.","Necessidade de se comprovar, no arrolamento sumário, o pagamento do Imposto de Transmissão Causa Mortis e Doação - ITCMD como condição para a homologação da partilha ou expedição da carta de adjudicação, à luz dos arts. 192 do CTN e 659, § 2º, do CPC/2015.",,"14- DIREITO TRIBUTÁRIO, 5916- Impostos, 5955- ITCD - Imposto de Transmissão Causa Mortis, 899- DIREITO CIVIL, 7673- Sucessões, 7687- Inventário e Partilha"
1109,S1,Averbação / Contagem de Tempo Especial,2023-09-13,2023-10-02,Trânsito em Julgado,3,1,TRF4,Justiça Federal,329,0,,0,0,True,"Não ocorre renúncia tácita à prescrição (art. 191 do Código Civil), a ensejar o pagamento retroativo de parcelas anteriores à mudança de orientação jurídica, quando a Administração Pública, inexistindo lei que, no caso concreto, autorize a mencionada retroação, reconhece administrativamente o direito pleiteado pelo interessado.","Definição acerca da ocorrência, ou não, de renúncia tácita da prescrição, como prevista no art. 191 do Código Civil, quando a Administração Pública, no caso concreto, reconhece o direito pleiteado pelo interessado.",,10277- Averbação / Contagem de Tempo Especial
1111,S2,Direito Civil,2022-09-28,2022-10-03,Trânsito em Julgado,2,1,TJSPCF,Justiça Estadual,440,0,,0,0,False,"(i) o infortúnio qualificado como acidente de trabalho pode também ser caracterizado como sinistro coberto pelo seguro obrigatório (DPVAT), desde que estejam presentes seus elementos constituintes: acidente causado por veículo automotor terrestre, dano pessoal e relação de causalidade, e (ii) os sinistros que envolvem veículos agrícolas passíveis de transitar pelas vias públicas terrestres estão cobertos pelo seguro obrigatório (DPVAT).",Definir (i) se o infortúnio causado por veículo automotor e caracterizado como acidente de trabalho é capaz de impedir a configuração dos mesmos fatos como sinistro coberto pelo seguro obrigatório (DPVAT) e (ii) se os sinistros que envolvem veículos agrícolas passíveis de transitar pelas vias terrestres estão cobertos pelo seguro obrigatório DPVAT.,,"899- DIREITO CIVIL, 10431- Responsabilidade Civil, 10441- Acidente de Trânsito"
1117,S1,RMI - Renda Mensal Inicial,2022-08-24,2022-08-30,Trânsito em Julgado,2,1,TRF4,Justiça Federal,391,0,,0,0,False,"O marco inicial da fluência do prazo decadencial, previsto no caput do art. 103 da Lei n. 8.213/1991, quando houver pedido de revisão da renda mensal inicial (RMI) para incluir verbas remuneratórias recebidas em ação trabalhista nos salários de contribuição que integraram o período básico de cálculo (PBC) do benefício, deve ser o trânsito em julgado da sentença na respectiva reclamatória.",Definir se o prazo decadencial do direito à revisão da concessão de benefício previdenciário começa a fluir a partir do trânsito em julgado da sentença trabalhista que reconhece a inclusão de verbas remuneratórias nos salários de contribuição do segurado.,,6120- RMI - Renda Mensal Inicial
1118,S1,Direito Tributário,2022-11-23,2022-12-01,Trânsito em Julgado,3,2,"TJRJ,TJSPCF",Justiça Estadual,297,0,,0,0,False,"Somente mediante lei estadual/distrital específica poderá ser atribuída ao alienante responsabilidade solidária pelo pagamento do Imposto sobre a Propriedade de Veículos Automotores - IPVA do veículo alienado, na hipótese de ausência de comunicação da venda do bem ao órgão de trânsito competente.","Definir se o alienante de veículo automotor incorre, solidariamente, na responsabilidade tributária pelo pagamento do Imposto sobre a Propriedade de Veículos Automotores - IPVA, quando deixa de providenciar a comunicação da venda do bem móvel ao órgão de trânsito competente.",,"14- DIREITO TRIBUTÁRIO, 6017- Dívida Ativa (Execução Fiscal), 5916- Impostos, 5953- IPVA - Imposto Sobre Propriedade de Veículos Automotores"
1122,CE,Acidente de Trânsito,2024-08-21,2024-08-26,Trânsito em Julgado,1,1,TJSP,Justiça Estadual,269,0,,0,0,True,"As concessionárias de rodovias respondem, independentemente da existência de culpa, pelos danos oriundos de acidentes causados pela presença de animais domésticos nas pistas de rolamento, aplicando-se as regras do Código de Defesa do Consumidor e da Lei das Concessões.",(a) responsabilidade (ou não) das concessionárias de rodovia por acidente de trânsito causado por animal doméstico na pista de rolamento; e (b) caráter objetivo ou subjetivo dessa responsabilidade à luz do Código de Defesa do Consumidor e da Lei das Concessões.,,"10441- Acidente de Trânsito, 9996- Acidente de Trânsito, 10504- Acidente de Trânsito"
1123,S1,Taxa de Saúde Suplementar,2022-11-23,2022-12-14,Trânsito em Julgado,2,1,TRF5,Justiça Federal,285,0,,0,0,False,"O art. 3º da Resolução RDC 10/00 estabeleceu, em concreto, a própria base de cálculo da Taxa e Saúde Suplementar - especificamente na modalidade devida por plano de saúde (art. 20, I, da Lei 9.961/2000) -, em afronta ao princípio da legalidade estrita, previsto no art. 97, IV, do CTN.","(In)exigibilidade da cobrança da Taxa de Saúde Suplementar - TSS, instituída nos termos do art. 20, I, da Lei 9.961/2000.",,5967- Taxa de Saúde Suplementar
1133,S1,Direito Processual Civil E Do Trabalho,2023-05-10,2023-05-29,Trânsito em Julgado,3,1,TJSP,Justiça Estadual,306,0,,0,0,True,"O termo inicial dos juros de mora, em ação de cobrança de valores pretéritos ao ajuizamento de anterior mandado de segurança que reconheceu o direito, é a data da notificação da autoridade coatora no mandado de segurança, quando o devedor é constituído em mora (art. 405 do Código Civil e art. 240 do CPC).","Definir se o termo inicial dos juros de mora, em ação de cobrança dos valores pretéritos ao ajuizamento de anterior mandado de segurança, deve ser contado a partir da citação, na ação de cobrança, ou da notificação da autoridade coatora, quando da impetração do mandado de segurança.",,"8826- DIREITO PROCESSUAL CIVIL E DO TRABALHO, 7699- Juros de Mora - Legais / Contratuais"
1135,S1,Direito Administrativo E Outras Matérias De Direito Público,2022-10-26,2022-10-28,Trânsito em Julgado,4,1,TRF5,Justiça Federal,270,0,,0,0,False,"É possível ao servidor que já usufruiu o primeiro período de férias, após cumprida a exigência de 12 (doze) meses de exercício, usufruir as férias seguintes no mesmo ano civil, dentro do período aquisitivo ainda em curso, nos termos do § 1º do art. 77 da Lei 8.112/1990.","Possibilidade de o servidor que já usufruiu o primeiro período de férias, após cumprida a exigência de 12 (doze) meses de exercício, usufruir as férias seguintes no mesmo ano civil, dentro do período aquisitivo ainda em curso, nos termos do § 1º do art. 77 da Lei 8.112/1990.",,"9985- DIREITO ADMINISTRATIVO E OUTRAS MATÉRIAS DE DIREITO PÚBLICO, 10219- Servidor Público Civil, 10337- Sistema Remuneratório e Benefícios, 10301- Férias, 10883- Fruição / Gozo"
1136,S1,Direito Administrativo E Outras Matérias De Direito Público,2023-06-14,2023-06-20,Trânsito em Julgado,4,1,TRF4,Justiça Federal,119,0,,0,0,True,"É legal a fixação, em ato normativo infralegal, de prazo máximo para o trabalhador formal requerer o seguro-desemprego.","Legalidade da fixação, por ato normativo infralegal, de prazo máximo para o trabalhador requerero seguro-desemprego e apresentar a documentação necessária.",,"9985- DIREITO ADMINISTRATIVO E OUTRAS MATÉRIAS DE DIREITO PÚBLICO, 10181- Seguro desemprego, 10157- Organização Político-administrativa / Administração Pública"
1140,S1,RMI - Renda Mensal Inicial,2024-08-14,2024-08-27,Acórdão Publicado - RE Pendente,2,1,TRF4,Justiça Federal,465,0,,0,0,True,"Para efeito de adequação dos benefícios previdenciários concedidos antes da Constituição Federal aos tetos das Emendas Constitucionais n. 20/1998 e 41/2003, no cálculo devem-se aplicar os limitadores vigentes à época de sua concessão (menor e maior valor teto), utilizando-se o teto do salário de contribuição estabelecido em cada uma das emendas constitucionais como maior valor teto, e o equivalente à metade daquele salário de contribuição como menor valor teto.","Definir, para efeito de adequação dos benefícios concedidos antes da Constituição Federal aos tetos das Emendas Constitucionais ns. 20/1998 e 41/2003, a forma de cálculo da renda mensal do benefício em face da aplicação, ou não, dos limitadores vigentes à época de sua concessão (menor e maior valor-teto).",,6120- RMI - Renda Mensal Inicial
1149,S1,Direito Administrativo E Outras Matérias De Direito Público,2023-03-08,2023-04-25,Trânsito em Julgado,3,1,TRF3,Justiça Federal,591,0,,0,0,True,"A Lei 9.969/1998 não prevê a obrigatoriedade de inscrição de técnico ou treinador de tênis nos Conselhos de Educação Física, nem estabelece a exclusividade do desempenho de tal função aos profissionais regulamentados pela referida norma, quando as atividades desenvolvidas pelo técnico ou treinador de tênis restrinjam-se às táticas do esporte em si e não se confundam com preparação física, limitando-se à transmissão de conhecimentos de domínio comum decorrentes de sua própria experiência em relação ao referido desporto, o que torna dispensável a graduação específica em Educação Física.","Definir, à luz dos arts. 2º, III, e 3º da Lei 9.696/1998, se os professores, instrutores, técnicos ou treinadores de tênis devem ser inscritos no conselho profissional da classe dos profissionais de educação física.",,"9985- DIREITO ADMINISTRATIVO E OUTRAS MATÉRIAS DE DIREITO PÚBLICO, 10157- Organização Político-administrativa / Administração Pública, 10166- Conselhos Regionais de Fiscalização Profissional e Afins"
1156,S2,Irregularidade no atendimento,2024-04-24,2024-04-29,Trânsito em Julgado,1,1,TJGO,Justiça Estadual,150,0,,0,0,True,O simples descumprimento do prazo estabelecido em legislação específica para a prestação de serviço bancário não gera por si só dano moral in re ipsa.,Definir se a demora na prestação de serviços bancários superior ao tempo previsto em legislação específica gera dano moral individual in re ipsa apto a ensejar indenização ao consumidor.,,11864- Irregularidade no atendimento
1159,S1,Direito Ambiental,2023-09-13,2023-09-19,Trânsito em Julgado,2,2,"TRF1,TRF5",Justiça Federal,153,0,,0,0,True,"A validade das multas administrativas por infração ambiental, previstas na Lei n. 9.605/1998, independe da prévia aplicação da penalidade de advertência.","Definir se, para a aplicação válida de multas administrativas ambientais, previstas na Lei n. 9.605/1998, há obrigatoriedade da imposição prévia da pena de advertência.",,"10110- DIREITO AMBIENTAL, 10112- Revogação/Anulação de multa ambiental"
1160,S1,Incidência sobre Aplicações Financeiras,2023-03-08,2023-04-24,Trânsito em Julgado,5,1,TRF4,Justiça Federal,220,0,1168,0,0,True,"O IR e a CSLL incidem sobre a correção monetária das aplicações financeiras, porquanto estas se caracterizam legal e contabilmente como Receita Bruta, na condição de Receitas Financeiras componentes do Lucro Operacional.","A possibilidade de incidência do Imposto de Renda retido na fonte e da Contribuição Social sobre o Lucro Líquido sobre o total dos rendimentos e ganhos líquidos de operações financeiras, ainda que se trate de variações patrimoniais decorrentes de diferença de correção monetária.",,"5936- Incidência sobre Aplicações Financeiras, 6036- Contribuição Social sobre o Lucro Líquido"
1164,S1,Direito Tributário,2023-04-26,2023-05-12,Trânsito em Julgado,2,2,"TRF3,TRF5",Justiça Federal,103,0,,0,0,True,Incide a contribuição previdenciária a cargo do empregador sobre o auxílio-alimentação pago em pecúnia.,Definir se incide contribuição previdenciária patronal sobre o auxílio-alimentação pago em pecúnia.,,"14- DIREITO TRIBUTÁRIO, 6048- Contribuições Previdenciárias, 6063- Auxílio-Alimentação"
1165,S3,Pena Privativa de Liberdade,2024-08-14,2024-12-02,Acórdão Publicado,5,2,"TJRS,TJSPRGL",Justiça Estadual,740,0,,0,0,True,"A decisão que defere a progressão de regime não tem natureza constitutiva, senão declaratória. O termo inicial para a progressão de regime deverá ser a data em que preenchidos os requisitos objetivo e subjetivo descritos no art. 112 da Lei 7.210, de 11/07/1984 (Lei de Execução Penal), e não a data em que efetivamente foi deferida a progressão. Essa data deverá ser definida de forma casuística, fixando-se como termo inicial o momento em que preenchido o último requisito pendente, seja ele o objetivo ou o subjetivo. Se por último for preenchido o requisito subjetivo, independentemente da anterior implementação do requisito objetivo, será aquele (o subjetivo) o marco para fixação da data-base para efeito de nova progressão de regime.","A decisão que defere a progressão de regime não tem natureza constitutiva, senão declaratória. O termo inicial para a progressão de regime deverá ser a data em que preenchidos os requisitos objetivo e subjetivo descritos no art. 112 da Lei 7.210, de 11/07/1984 (Lei de Execução Penal), e não a data em que efetivamente foi deferida a progressão. Essa data deverá ser definida de forma casuística, fixando-se como termo inicial o momento em que preenchido o último requisito pendente, seja ele o objetivo ou o subjetivo. Se por último for preenchido o requisito subjetivo, independentemente da anterior implementação do requisito objetivo, será aquele (o subjetivo) o marco para fixação da data-base para efeito de nova progressão de regime.",,7791- Pena Privativa de Liberdade
1167,S3,Direito Processual Penal,2023-03-08,2023-03-29,Trânsito em Julgado,2,1,TJMG,Justiça Estadual,306,0,,0,0,True,"""A audiência prevista no art. 16 da Lei 11.340/2006 tem por objetivo confirmar a retratação, não a representação, e não pode ser designada de ofício pelo juiz. Sua realização somente é necessária caso haja manifestação do desejo da vítima de se retratar trazida aos autos antes do recebimento da denúncia"".","Definir se a audiência preliminar prevista no art. 16 da Lei n. 11.340/2006 (Lei Maria da Penha) é ato processual obrigatório determinado pela lei ou se configura apenas um direito da ofendida, caso manifeste o desejo de se retratar.",,"1209- DIREITO PROCESSUAL PENAL, 14226- Crimes Previstos na Lei Maria da Penha"
1168,S3,Direito Penal,2023-08-03,2023-08-08,Trânsito em Julgado,3,1,TRF3,Justiça Federal,316,0,,0,0,True,"Os tipos penais trazidos nos arts. 241-A e 241-B do Estatuto da Criança e do Adolescente são autônomos, com verbos e condutas distintas, sendo que o crime do art. 241-B não configura fase normal, tampouco meio de execução para o crime do art. 241-A, o que possibilita o reconhecimento de concurso material de crimes.","Os tipos penais trazidos nos arts. 241-A e 241-B do Estatuto da Criança e do Adolescente são autônomos, com verbos e condutas distintas, sendo que o crime do art. 241-B não configura fase normal tampouco meio de execução para o crime do art. 241-A, o que possibilita o reconhecimento de concurso material de crimes.",,"287- DIREITO PENAL, 3637- Crimes Previstos no Estatuto da criança e do adolescente"
1174,S1,Contribuições Previdenciárias,2024-08-14,2024-08-26,Trânsito em Julgado,7,1,TRF4,Justiça Federal,571,0,1221,0,0,True,"As parcelas relativas ao vale-transporte, vale-refeição/alimentação, plano de assistência à saúde (auxílio-saúde, odontológico e farmácia), ao Imposto de Renda retido na fonte (IRRF) dos empregados e à contribuição previdenciária dos empregados, descontadas na folha de pagamento do trabalhador, constituem simples técnica de arrecadação ou de garantia para recebimento do credor, e não modificam o conceito de salário ou de salário contribuição, e, portanto, não modificam a base de cálculo da contribuição previdenciária patronal, do SAT e da contribuição de terceiros.","Possibilidade de excluir as seguintes verbas da base de cálculo da contribuição previdenciária patronal e das contribuições destinadas a terceiros e ao SAT/RAT: a) valores relativos à contribuição previdenciária do empregado e do trabalhador avulso e ao imposto de renda de pessoa física, retidos na fonte pelo empregador; b) parcelas retidas ou descontadas a título de coparticipação do empregado em benefícios, tais como: vale-transporte, vale-refeição e plano de assistência à saúde ou odontológico, dentre outros.",,6048- Contribuições Previdenciárias
1175,S1,Descontos Indevidos,2023-09-13,2023-09-20,Trânsito em Julgado,3,1,TJDFT,Justiça Estadual,656,0,,0,0,True,"a) antes da vigência do § 7º do art. 22 do Estatuto da OAB (5 de outubro de 2018), é necessária a apresentação dos contratos celebrados com cada um dos filiados ou beneficiários para que o sindicato possa reter os honorários contratuais sobre o montante da condenação;b) após a vigência do supracitado dispositivo, para que o sindicato possa reter os honorários contratuais sobre o montante da condenação, embora seja dispensada a formalidade de apresentação dos contratos individuais e específicos para cada substituído, mantém-se necessária a autorização expressa dos filiados ou beneficiários que optarem por aderir às obrigações do contrato originário.",Necessidade ou não de apresentação do contrato celebrado com cada um dos filiados para que o sindicato possa reter os honorários contratuais sobre o montante da condenação.,,"10296- Descontos Indevidos, 10304- Auxílio-Alimentação"
1179,S1,Anuidades OAB,2023-10-25,2023-10-31,Trânsito em Julgado,2,1,TRF3,Justiça Federal,123,0,,0,0,True,Os Conselhos Seccionais da Ordem dos Advogados do Brasil não podem instituir e cobrar anuidade das sociedades de advogados.,"Definir se os Conselhos Seccionais da Ordem dos Advogados do Brasil (OAB) podem, à luz da Lei n. 8.906/1994, instituir e cobrar anuidade das sociedades de advogados.",,10172- Anuidades OAB
1184,S1,Pena de Multa,2023-06-14,2023-06-28,Trânsito em Julgado,2,1,TRF4,Justiça Federal,441,0,,0,0,True,"(i) a regra da irretratabilidade da opção pela Contribuição Previdenciária sobre Receita Bruta (CPRB) prevista no § 13 do art. 9º da Lei 12.546/2011 destina-se apenas ao beneficiário do regime, e não à Administração; e(ii) a revogação da escolha de tributação da contribuição previdenciária pelo sistema da CPRB, trazida pela Lei 13.670/2018, não feriu direitos do contribuinte, tendo em vista que foi respeitada a anterioridade nonagesimal.","""i) Definir se a regra prevista no § 13 do art. 9º da Lei n. 12.546/2011 é dirigida apenas aos contribuintes ou se também vincula a Administração Tributária"" e ""ii) Definir se a revogação da escolha de tributação da contribuição previdenciária pelo sistema da Contribuição Previdenciária sobre Receita Bruta (CPRB) trazida pela Lei n. 13.670/2018 feriu direito do contribuinte ante o caráter irretratável previsto no § 13 do art. 9º da Lei n. 12.546/2011.""",,7792- Pena de Multa
1187,S1,PAES/Parcelamento Especial,2023-10-25,2024-01-11,Trânsito em Julgado,3,1,TRF4,Justiça Federal,496,0,,0,0,True,"Nos casos de quitação antecipada, parcial ou total, dos débitos fiscais objeto de parcelamento, conforme previsão do art. 1º da Lei 11.941/2009, o momento de aplicação da redução dos juros moratórios deve ocorrer após a  consolidação da dívida, sobre o  próprio montante devido originalmente a  esse título, não existindo amparo legal para que a exclusão de 100% da multa de mora e de ofício implique exclusão proporcional dos juros de mora, sem que a lei assim o tenha definido de modo expresso.","Definir o momento da aplicação da redução dos juros moratórios, nos casos de quitação antecipada, parcial ou total, dos débitos fiscais objeto de parcelamento, conforme previsão do art. 1º da Lei 11.941/2009.",,6091- PAES/Parcelamento Especial
1189,S3,Direito Processual Penal,2023-06-14,2023-06-16,Trânsito em Julgado,1,1,TJRJ,Justiça Estadual,268,0,,0,0,True,"A vedação constante do art. 17 da Lei n. 11.340/2006 (Lei Maria da Penha) obsta a imposição, nos casos de violência doméstica e familiar contra a mulher, de pena de multa isoladamente, ainda que prevista de forma autônoma no preceito secundário do tipo penal imputado.","Definir se a vedação constante do art. 17 da Lei n. 11.340/2006 (Lei Maria da Penha) obsta a imposição, nos casos de violência doméstica e familiar contra a mulher, de pena de multa isoladamente, ainda que prevista de forma autônoma no preceito secundário do tipo penal imputado.",,"1209- DIREITO PROCESSUAL PENAL, 14226- Crimes Previstos na Lei Maria da Penha, 7792- Pena de Multa"
1200,S2,Inventário e Partilha,2024-05-22,2024-05-28,Acórdão Publicado - RE Pendente,2,2,"TJMG,TJSPCF",Justiça Estadual,251,0,,0,0,True,"O prazo prescricional para propor ação de petição de herança conta-se da abertura da sucessão, cuja fluência não é impedida, suspensa ou interrompida pelo ajuizamento de ação de reconhecimento de filiação, independentemente do seu trânsito em julgado.",Definir o termo inicial do prazo prescricional da petição de herança proposta por filho cujo reconhecimento da paternidade tenha ocorrido após a morte.,,7687- Inventário e Partilha
1202,S3,Direito Penal,2023-10-17,2023-10-20,Trânsito em Julgado,2,1,TJRJ,Justiça Estadual,331,0,,0,0,True,"No crime de estupro de vulnerável, é possível a aplicação da fração máxima de majoração prevista no art. 71, caput, do Código Penal, ainda que não haja a delimitação precisa do número de atos sexuais praticados, desde que o longo período de tempo e a recorrência das condutas permita concluir que houve 7 (sete) ou mais repetições.","Possibilidade de aplicação da fração máxima de majoração prevista no art. 71, caput, do Código Penal, nos crimes de estupro de vulnerável, ainda que não haja a indicação específica do número de atos sexuais praticados.",,"9740- Contra a dignidade sexual, 10621- Aplicação da Pena, 11456- Estupro de Vulnerável, 10620- Parte Geral, 287- DIREITO PENAL"
1204,S1,Área de Preservação Permanente,2023-09-13,2023-09-26,Trânsito em Julgado,2,2,"TJMS,TJSP",Justiça Estadual,350,0,,0,0,True,"As obrigações ambientais possuem natureza propter rem, sendo possível exigi-las, à escolha do credor, do proprietário ou possuidor atual, de qualquer dos anteriores, ou de ambos, ficando isento de responsabilidade o alienante cujo direito real tenha cessado antes da causação do dano, desde que para ele não tenha concorrido, direta ou indiretamente.","As obrigações ambientais possuem natureza propter rem, sendo admissível cobrá-las do proprietário ou possuidor atual e/ou dos anteriores ou, ainda, dos sucessores, à escolha do credor.",,11828- Área de Preservação Permanente
1206,S3,Direito Penal,2023-11-22,2023-11-27,Trânsito em Julgado,3,1,TJMG,Justiça Estadual,367,0,,0,0,True,"A simples falta de assinatura do perito encarregado pela lavratura do laudo toxicológico definitivo constitui mera irregularidade e não tem o condão de anular a prova pericial na hipótese de existirem outros elementos que comprovem a sua autenticidade, notadamente quando o expert estiver devidamente identificado e for constatada a existência de substância ilícita.
","Definir se a assinatura do laudo toxicológico definitivo por perito criminal é imprescindível para a comprovação da materialidade do delito de tráfico de drogas.
",,"287- DIREITO PENAL, 3603- Crimes Previstos na Legislação Extravagante, 3607- Crimes de Tráfico Ilícito e Uso Indevido de Drogas, 5897- Associação para a Produção e Tráfico e Condutas Afins"
1207,S1,Aposentadoria por Tempo de Contribuição ,2024-06-20,2024-06-28,Trânsito em Julgado,3,1,TRF4,Justiça Federal,434,0,,0,0,True,"A compensação de prestações previdenciárias, recebidas na via administrativa, quando da elaboração de cálculos em cumprimento de sentença concessiva de outro benefício, com elas não acumulável, deve ser feita mês a mês, no limite, para cada competência, do valor correspondente ao título judicial, não devendo ser apurado valor mensal ou final negativo ao beneficiário, de modo a evitar a execução invertida ou a restituição indevida.","Definir se, no caso de compensação de prestações previdenciárias, recebidas na via administrativa, quando de levantamento de cálculos em cumprimento de sentença concessiva de outro benefício, com elas não acumulável, nos meses em que houver o percebimento (na via administrativa) de importância maior que a estabelecida na via judicial, a dedução deverá abranger todo o quantum recebido pelo beneficiário ou ter como teto o valor referente à parcela fruto da coisa julgada.",,"6118- Aposentadoria por Tempo de Contribuição (Art. 55/6), 9518- Efeito Suspensivo / Impugnação / Embargos à Execução"
1213,S1,Enriquecimento ilícito,2024-05-22,2024-07-01,Trânsito em Julgado,4,1,TRF1,Justiça Federal,352,0,,0,0,True,"Para fins de indisponibilidade de bens, há solidariedade entre os corréus da Ação de Improbidade Administrativa, de modo que a constrição deve recair sobre os bens de todos eles, sem divisão em quota-parte, limitando-se o somatório da medida ao quantum determinado pelo juiz, sendo defeso que o bloqueio corresponda ao débito total em relação a cada um","A responsabilidade de agentes ímprobos é solidária e permite a constrição patrimonial em sua totalidade, sem necessidade de divisão pro rata, ao menos até a instrução final da ação de improbidade, quando ocorrerá a delimitação da quota de cada agente pelo ressarcimento.",,10013- Enriquecimento ilícito
1252,S1,Contribuições Previdenciárias,2024-06-20,2024-07-02,Trânsito em Julgado,3,1,TRF3,Justiça Federal,121,0,,0,0,True,"Incide a Contribuição Previdenciária patronal sobre o Adicional de Insalubridade, em razão da sua natureza remuneratória.",Definir se a Contribuição Previdenciária incide ou não sobre os valores despendidos a título de Adicional de Insalubridade.,,"6048- Contribuições Previdenciárias, 6068- Salário-Maternidade, 6062- 1/3 de férias"
1253,S1,Base de Cálculo,2024-08-14,2024-08-23,Trânsito em Julgado,4,1,TRF5,Justiça Federal,167,0,,0,0,True,"A extinção do cumprimento de sentença coletiva proposto pelo legitimado extraordinário, por prescrição intercorrente, não impede a execução individual do mesmo título.","Possibilidade de o substituído processual propor execução individual de sentença coletiva quando, anteriormente, a mesma sentença foi objeto de execução coletiva por parte do substituto processual, extinta em virtude de prescrição intercorrente.",,"10893- Base de Cálculo, 10671- Obrigação de Fazer / Não Fazer"
